TenureGroup,Complain,用户数,流失人数,流失率,平均订单数,投诉状态,样本提示
0‑12个月,0,2533,394,0.15554678247137782,2.5325700750098696,无投诉,可观察
0‑12个月,1,1019,452,0.4435721295387635,2.616290480863592,有投诉,可观察
12‑24个月,0,1135,46,0.04052863436123348,3.7894273127753304,无投诉,可观察
12‑24个月,1,439,56,0.1275626423690205,3.2710706150341684,有投诉,可观察
24‑36个月,0,356,0,0.0,3.817415730337079,无投诉,可观察
24‑36个月,1,144,0,0.0,3.4027777777777777,有投诉,可观察
36个月以上,0,2,0,0.0,2.5,无投诉,小样本
36个月以上,1,2,0,0.0,1.5,有投诉,小样本
